{"cameraMode":{"drawMode":0,"name":"Shaded","section":"Shading Mode"},"sceneLighting":true,"audioPlay":false,"sceneViewState":{"m_AlwaysRefresh":false,"showFog":true,"showSkybox":true,"showFlares":true,"showImageEffects":true,"showParticleSystems":true,"showVisualEffectGraphs":true,"m_FxEnabled":true},"in2DMode":false,"pivot":{"x":16.541444778442384,"y":-3.439675807952881,"z":10.619319915771485},"rotation":{"x":0.38193145394325259,"y":-0.29265156388282778,"z":0.1289045661687851,"w":0.8671054244041443},"size":16.322071075439454,"orthographic":true}