{"cameraMode":{"drawMode":0,"name":"Shaded","section":"Shading Mode"},"sceneLighting":false,"audioPlay":false,"sceneViewState":{"m_AlwaysRefresh":false,"showFog":true,"showSkybox":false,"showFlares":true,"showImageEffects":true,"showParticleSystems":true,"showVisualEffectGraphs":true,"m_FxEnabled":true},"in2DMode":false,"pivot":{"x":-8.966110229492188,"y":21.11443328857422,"z":-25.544435501098634},"rotation":{"x":0.45561811327934267,"y":0.03203395754098892,"z":-0.016409339383244516,"w":0.8894474506378174},"size":14.44649600982666,"orthographic":true}